{
  "project_info": {
    "project_number": "22504009873",
    "project_id": "smart-568cb",
    "storage_bucket": "smart-568cb.appspot.com"
  },
  "client": [
    {
      "client_info": {
        "mobilesdk_app_id": "1:22504009873:android:57d40829032e53bdf44f30",
        "android_client_info": {
          "package_name": "com.example.smart"
        }
      },
      "oauth_client": [
        {
          "client_id": "22504009873-n0hn8hcdgvagorqgn2aet19mbvneu2c2.apps.googleusercontent.com",
          "client_type": 3
        }
      ],
      "api_key": [
        {
          "current_key": "AIzaSyB3XBx2WpTNgwgoAvOpiookP74Ao6YMfvg"
        }
      ],
      "services": {
        "appinvite_service": {
          "other_platform_oauth_client": [
            {
              "client_id": "22504009873-n0hn8hcdgvagorqgn2aet19mbvneu2c2.apps.googleusercontent.com",
              "client_type": 3
            }
          ]
        }
      }
    }
  ],
  "configuration_version": "1"
}